{"train_loss":0.7324182391166687,"_step":111,"prefloss_spike_rate":0.28026366233825684,"prefloss_loss":0.0960393100976944,"prefloss_largest_le":-0.29868289828300476,"_wandb":{"runtime":175},"prefloss_dht_dh0":2.203500943382254e-15,"_timestamp":1.7465910905710342e+09,"_runtime":174.1789}