{"prefloss_loss":0.0960393100976944,"_step":108,"prefloss_largest_le":-0.29868289828300476,"_timestamp":1.746590875571605e+09,"train_loss":0.8157556056976318,"_runtime":168.310618,"prefloss_spike_rate":0.28026366233825684,"prefloss_dht_dh0":[0.08418803662061691,0.10331567376852036,0.019470881670713425,0.0019903634674847126,0.00018429395277053118,1.71611100086011e-05,1.6181106730073225e-06,1.5574846656818409e-07,1.5224779659206433e-08,1.5311234502490834e-09,1.586205472525748e-10,1.6948486017409614e-11,1.7678110494565025e-12,1.835552109613614e-13,2.0288255125379406e-14,2.203500943382254e-15],"_wandb":{"runtime":170}}