{"_timestamp":1.746589715249193e+09,"_runtime":8.769443,"_step":0,"prefloss_loss":0.00963484589010477,"_wandb":{"runtime":8}}