{"prefloss_spike_rate":0.28026366233825684,"test_acc":0.5053571462631226,"_timestamp":1.746590038808707e+09,"_runtime":272.566624,"train_loss":0.7335188984870911,"prefloss_dht_dh0":2.203500943382254e-15,"prefloss_largest_le":-0.29868289828300476,"_wandb":{"runtime":272},"_step":144,"prefloss_loss":0.0960393100976944}